<ivy-module version="2.0">
	<info organisation="org.eclipse.custom" module="ecj" revision="3.6.2" publication="20110401190400">
		<license name="Eclipse Public Licence v1.0" url="http://www.eclipse.org/org/documents/epl-v10.php" />
		<description homepage="http://www.eclipse.org/eclipse/" />
	</info>
	<configurations>
		<conf name="default" />
		<conf name="sources" />
	</configurations>
	<publications>
		<artifact conf="default" url="https://projectlombok.org/ivyrepo/eclipse/ecj-3.6.2.jar" />
		<artifact type="zip" conf="sources" url="https://projectlombok.org/ivyrepo/eclipse/ecjsrc-3.6.2.zip" />
	</publications>
</ivy-module>
