<ivy-module version="2.0">
	<info organisation="org.projectlombok" module="lombok.patcher" revision="0.22" publication="20161107000000">
		<license name="MIT License" url="http://www.opensource.org/licenses/mit-license.php" />
		<ivyauthor name="rzwitserloot" url="http://zwitserloot.com/" />
		<ivyauthor name="rspilker" url="http://github.com/rspilker" />
		<description homepage="https://projectlombok.org/" />
	</info>
	<configurations>
		<conf name="default" />
	</configurations>
	<publications>
		<artifact conf="default" url="https://projectlombok.org/downloads/lombok.patcher-0.22.jar" />
	</publications>
</ivy-module>
