<ivy-module version="2.0">
	<info organisation="org.eclipse.custom" module="core.jobs" revision="3.5.200" publication="20120521234600">
		<license name="Eclipse Public Licence v1.0" url="http://www.eclipse.org/org/documents/epl-v10.php" />
		<description homepage="http://www.eclipse.org/eclipse/" />
	</info>
	<configurations>
		<conf name="default" />
		<conf name="sources" />
	</configurations>
	<publications>
		<artifact conf="default" url="https://projectlombok.org/ivyrepo/eclipse/org.eclipse.core.jobs_3.5.200.v20120521-2346.jar" />
		<artifact type="zip" conf="sources" url="https://projectlombok.org/ivyrepo/eclipse/org.eclipse.core.jobs_3.5.200.v20120521-2346-sources.jar" />
	</publications>
</ivy-module>
